zcta,place_name,county_name,lat,lon,children,kids_in_poverty,pct_children_in_poverty,pct_kids_medicaid,pct_kids_uninsured,shortage_share,org_count,orgs_per_1k_poor_kids,dollars_per_poor_kid,need_pct,supply_pct,gap_score,gap_rank,top10pct_frequency,robust,priority_score
08251,Villas,Cape May County,39.028823,-74.928921,2098,487,23.2,48.0,3.4,1.0,0,0.0,0.0,0.994,0.009,0.985,1,1.0,True,487.0
08260,Wildwood,Cape May County,38.998347,-74.843302,1452,195,13.4,53.0,4.5,1.0,0,0.0,0.0,0.99,0.009,0.981,2,1.0,True,195.0
08242,Rio Grande,Cape May County,39.01738,-74.886908,704,41,5.8,59.2,4.1,1.0,0,0.0,0.0,0.965,0.009,0.956,3,1.0,True,41.0
07008,Carteret,Middlesex County,40.58379,-74.227457,5601,667,11.9,31.6,12.5,1.0,1,1.13,982.0,0.988,0.063,0.925,4,1.0,True,667.0
08861,Perth Amboy,Middlesex County,40.520494,-74.272943,13649,3549,26.0,58.1,14.7,1.0,2,1.72,238.0,0.998,0.092,0.906,5,1.0,True,3549.0
08204,Cape May,Cape May County,38.971748,-74.916127,2843,162,5.7,24.7,3.6,1.0,0,0.0,0.0,0.898,0.009,0.889,6,1.0,True,162.0
07001,Avenel,Middlesex County,40.583961,-74.269704,3082,472,15.3,30.1,2.4,1.0,0,1.34,1000.0,0.969,0.084,0.885,7,1.0,True,472.0
08302,Bridgeton,Cumberland County,39.438613,-75.260646,13067,4456,34.1,61.0,5.6,1.0,0,0.18,2668.0,0.996,0.139,0.857,8,1.0,True,4456.0
07087,Union City,Hudson County,40.767224,-74.032429,14306,4349,30.4,62.3,10.2,0.0,1,1.01,1580.0,0.937,0.088,0.849,9,0.75,False,4349.0
07093,West New York,Hudson County,40.786704,-74.008909,12567,3670,29.2,54.2,9.7,0.0,2,1.11,1244.0,0.918,0.08,0.838,10,1.0,True,3670.0
07108,Newark,Essex County,40.723104,-74.200386,8609,4089,47.5,71.1,5.7,1.0,2,1.43,1959.0,1.0,0.166,0.834,11,0.67,False,4089.0
07103,Newark,Essex County,40.738852,-74.195264,10014,4226,42.2,52.9,6.6,0.661,3,1.43,2043.0,0.992,0.179,0.813,12,0.67,False,4226.0
07095,Woodbridge,Middlesex County,40.552857,-74.286939,4565,525,11.5,30.4,3.4,1.0,1,1.76,1104.0,0.967,0.155,0.812,13,1.0,True,525.0
07206,Elizabeth,Union County,40.652083,-74.183756,9114,2288,25.1,64.3,8.4,0.0,0,1.18,1441.0,0.904,0.094,0.81,14,1.0,True,2288.0
08832,Keasbey,Middlesex County,40.511399,-74.318496,842,199,23.6,27.6,0.0,1.0,0,2.02,283.0,0.959,0.151,0.808,15,0.67,False,199.0
07114,Newark,Essex County,40.697812,-74.17081,1935,745,38.5,53.6,3.5,0.201,1,1.28,1951.0,0.947,0.141,0.806,16,1.0,True,745.0
07112,Newark,Essex County,40.711391,-74.211683,6687,2280,34.1,44.4,12.2,0.428,0,1.44,1959.0,0.975,0.17,0.805,17,0.67,False,2280.0
07305,Jersey City,Hudson County,40.693004,-74.06965,18066,5456,30.2,52.1,3.3,0.0,4,0.74,851.0,0.851,0.049,0.802,18,1.0,True,5456.0
07102,Newark,Essex County,40.735659,-74.173605,1972,702,35.6,57.1,4.8,0.444,4,1.42,1984.0,0.973,0.174,0.799,19,1.0,True,702.0
08102,Camden,Camden County,39.952116,-75.121149,1690,706,41.8,71.0,4.3,0.0,2,1.44,1649.0,0.928,0.131,0.797,20,0.58,False,706.0
07306,Jersey City,Hudson County,40.736294,-74.071128,10929,2710,24.8,47.2,6.6,0.0,1,0.94,1263.0,0.867,0.072,0.795,21,0.58,False,2710.0
08105,Camden,Camden County,39.95034,-75.096278,7839,2689,34.3,71.6,9.2,0.0,0,1.6,1652.0,0.949,0.158,0.791,22,0.58,False,2689.0
08318,Elmer,Salem County,39.557653,-75.177717,2507,286,11.4,25.5,0.7,1.0,0,0.47,2668.0,0.93,0.143,0.787,23,1.0,True,286.0
08079,Salem,Salem County,39.542408,-75.431684,2391,691,28.9,52.5,0.4,1.0,1,1.22,2668.0,0.98,0.194,0.786,24,0.67,False,691.0
07105,Newark,Essex County,40.723066,-74.138636,13266,3688,27.8,57.9,25.8,0.0,1,1.33,1982.0,0.933,0.153,0.78,25,1.0,True,3688.0
07304,Jersey City,Hudson County,40.717303,-74.076352,11059,3329,30.1,53.2,2.7,0.0,4,0.92,1176.0,0.845,0.066,0.779,26,0.83,True,3329.0
07201,Elizabeth,Union County,40.671272,-74.177358,7128,1468,20.6,64.4,10.0,0.0,0,1.28,1623.0,0.881,0.102,0.779,26,1.0,True,1468.0
08901,New Brunswick,Middlesex County,40.483638,-74.44246,12058,4823,40.0,52.0,8.9,0.0,3,2.07,275.0,0.935,0.162,0.773,28,0.42,False,4823.0
08210,Cape May Ch,Cape May County,39.119187,-74.823188,3403,378,11.1,19.2,1.9,1.0,0,2.02,246.0,0.916,0.147,0.769,29,1.0,True,378.0
07065,Rahway,Union County,40.607152,-74.280531,6119,251,4.1,35.2,3.8,1.0,1,1.65,1023.0,0.885,0.123,0.762,30,0.83,True,251.0
08070,Pennsville,Salem County,39.619125,-75.516069,2520,524,20.8,26.3,4.5,1.0,0,1.13,3234.0,0.986,0.231,0.755,31,1.0,True,524.0
08103,Camden,Camden County,39.935202,-75.112703,3199,1235,38.6,66.4,3.5,0.0,0,1.58,1649.0,0.892,0.149,0.743,32,0.42,False,1235.0
07827,Montague,Sussex County,41.280958,-74.730511,787,103,13.1,27.8,0.0,1.0,0,2.37,136.0,0.924,0.182,0.742,33,0.92,True,103.0
07107,Newark,Essex County,40.762918,-74.186559,11129,3250,29.2,68.1,8.0,0.232,2,1.5,2289.0,0.963,0.233,0.73,34,0.33,False,3250.0
08015,Browns Mills,Burlington County,39.931536,-74.54372,3652,690,18.9,34.9,5.6,0.0,0,1.8,0.0,0.804,0.075,0.729,35,0.67,False,690.0
07202,Elizabeth,Union County,40.652464,-74.216853,11158,1439,12.9,56.9,8.1,0.0,1,1.38,1447.0,0.826,0.112,0.714,36,0.67,False,1439.0
07002,Bayonne,Hudson County,40.662495,-74.110201,16223,3423,21.1,49.7,2.2,0.0,1,0.94,1466.0,0.789,0.082,0.707,37,0.92,True,3423.0
07860,Newton,Sussex County,41.057287,-74.802737,5208,703,13.5,23.5,2.7,0.939,1,3.06,0.0,0.957,0.256,0.701,38,1.0,True,703.0
07047,North Bergen,Hudson County,40.793644,-74.025027,13281,1873,14.1,48.3,4.8,0.0,1,1.19,1528.0,0.796,0.098,0.698,39,0.58,False,1873.0
08863,Fords,Middlesex County,40.537238,-74.312222,2701,138,5.1,20.2,1.6,1.0,0,1.72,282.0,0.793,0.096,0.697,40,0.58,False,138.0
07067,Colonia,Middlesex County,40.589329,-74.311415,3874,322,8.3,13.2,5.9,1.0,1,1.9,1026.0,0.894,0.198,0.696,41,0.75,False,322.0
07064,Port Reading,Middlesex County,40.567422,-74.244933,818,7,0.9,46.1,2.2,1.0,0,1.28,960.0,0.769,0.075,0.694,42,0.75,False,7.0
07208,Elizabeth,Union County,40.672913,-74.224047,7304,1300,17.8,47.4,21.0,0.0,2,1.53,1866.0,0.853,0.164,0.689,43,0.58,False,1300.0
07104,Newark,Essex County,40.767713,-74.16835,13032,3753,28.8,56.9,7.4,0.0,6,1.5,2287.0,0.9,0.229,0.671,44,0.25,False,3753.0
08830,Iselin,Middlesex County,40.570142,-74.316371,3921,349,8.9,17.1,3.7,1.0,1,1.97,1104.0,0.914,0.248,0.666,45,0.83,True,349.0
08349,Port Norris,Cumberland County,39.260936,-75.059259,671,52,7.7,9.9,3.1,1.0,0,0.9,2719.0,0.824,0.158,0.666,45,0.92,True,52.0
07036,Linden,Union County,40.624711,-74.239362,9280,1364,14.7,29.0,10.6,0.0,1,1.59,1140.0,0.785,0.127,0.658,47,0.25,False,1364.0
07461,Sussex,Sussex County,41.247022,-74.610522,3576,211,5.9,18.0,4.8,1.0,1,2.48,136.0,0.873,0.216,0.657,48,0.58,False,211.0
07307,Jersey City,Hudson County,40.751842,-74.053976,8279,1490,18.0,35.7,2.5,0.0,3,1.06,1593.0,0.744,0.09,0.654,49,0.17,False,1490.0
07826,Branchville,Sussex County,41.163459,-74.815409,966,41,4.2,10.5,3.9,1.0,1,2.02,0.0,0.765,0.112,0.653,50,0.33,False,41.0
07032,Kearny,Hudson County,40.752332,-74.123093,8175,1594,19.5,37.7,6.0,0.0,0,1.27,2280.0,0.818,0.168,0.65,51,0.08,False,1594.0
08733,Lakehurst,Ocean County,40.026868,-74.363674,642,76,11.9,40.1,7.8,0.0,0,1.39,1696.0,0.781,0.133,0.648,52,0.5,False,76.0
07029,Harrison,Hudson County,40.74362,-74.154901,4054,791,19.5,43.1,20.4,0.0,0,1.45,2289.0,0.855,0.223,0.632,53,0.0,False,791.0
08618,Trenton,Mercer County,40.24934,-74.789968,8608,2359,27.4,53.2,1.8,0.0,4,1.78,1360.0,0.81,0.179,0.631,54,0.08,False,2359.0
07205,Hillside,Union County,40.695889,-74.2288,5172,734,14.2,32.1,14.0,0.0,1,1.56,1889.0,0.802,0.172,0.63,55,0.33,False,734.0
07462,Vernon,Sussex County,41.198457,-74.495575,860,60,7.0,11.4,4.2,1.0,0,2.48,136.0,0.843,0.216,0.627,56,0.42,False,60.0
07086,Weehawken,Hudson County,40.76801,-74.017008,2620,252,9.6,26.8,5.9,0.0,0,0.94,1213.0,0.691,0.07,0.621,57,0.0,False,252.0
08090,Wenonah,Gloucester County,39.797986,-75.148526,2483,549,22.1,37.1,0.3,0.0,2,1.59,398.0,0.706,0.086,0.62,58,0.08,False,549.0
07203,Roselle,Union County,40.652211,-74.260158,4312,962,22.3,38.5,5.2,0.0,1,1.82,1446.0,0.83,0.211,0.619,59,0.33,False,962.0
08069,Carneys Point,Salem County,39.703142,-75.450676,3402,1255,36.9,55.9,0.0,1.0,1,1.7,3234.0,0.984,0.368,0.616,60,0.25,False,1255.0
08401,Atlantic City,Atlantic County,39.377337,-74.45107,10323,4872,47.2,70.1,8.0,0.0,3,1.95,1948.0,0.953,0.34,0.613,61,0.33,False,4872.0
07063,Plainfield,Union County,40.605118,-74.444522,4316,868,20.1,56.1,12.3,0.0,0,2.47,366.0,0.877,0.266,0.611,62,0.0,False,868.0
07419,Hamburg,Sussex County,41.154156,-74.57001,1878,342,18.2,20.5,0.0,1.0,0,3.2,136.0,0.902,0.293,0.609,63,0.58,False,342.0
08028,Glassboro,Gloucester County,39.692129,-75.124675,3320,515,15.5,24.5,1.7,0.0,0,1.35,397.0,0.661,0.057,0.604,64,0.08,False,515.0
08270,Woodbine,Cape May County,39.261356,-74.809092,1802,250,13.9,20.6,1.0,0.777,0,2.41,327.0,0.849,0.248,0.601,65,0.33,False,250.0
08005,Barnegat,Ocean County,39.755802,-74.306609,4438,501,11.3,31.2,0.8,0.0,0,0.46,0.0,0.618,0.02,0.598,66,0.17,False,501.0
07416,Franklin,Sussex County,41.108997,-74.588641,949,68,7.2,25.1,2.1,1.0,0,3.2,136.0,0.89,0.293,0.597,67,0.0,False,68.0
07403,Bloomingdale,Passaic County,41.020753,-74.332842,1402,339,24.2,30.0,8.9,0.0,0,2.33,400.0,0.834,0.239,0.595,68,0.08,False,339.0
08759,Manchester,Ocean County,39.961826,-74.359828,1957,196,10.0,23.8,2.5,0.0,0,0.67,72.0,0.62,0.029,0.591,69,0.0,False,196.0
08066,Paulsboro,Gloucester County,39.835173,-75.233532,1433,285,19.9,50.6,0.0,0.0,0,1.87,242.0,0.695,0.117,0.578,70,0.0,False,285.0
08203,Brigantine,Atlantic County,39.421713,-74.392873,737,52,7.1,44.1,5.2,0.0,0,1.11,1945.0,0.688,0.121,0.567,71,0.0,False,52.0
08087,Tuckerton,Ocean County,39.603959,-74.382181,4158,432,10.4,24.6,1.4,0.0,0,0.26,104.0,0.591,0.025,0.566,72,0.0,False,432.0
07848,Lafayette,Sussex County,41.097903,-74.680163,728,48,6.6,8.9,4.4,1.0,0,3.06,0.0,0.816,0.256,0.56,73,0.0,False,48.0
08092,West Creek,Ocean County,39.647182,-74.284599,767,72,9.4,23.5,1.3,0.0,0,0.0,0.0,0.564,0.009,0.555,74,0.0,False,72.0
07111,Irvington,Essex County,40.723859,-74.232522,13952,3795,27.2,61.0,4.4,0.0,1,1.72,2531.0,0.875,0.325,0.55,75,0.25,False,3795.0
08037,Hammonton,Atlantic County,39.631681,-74.773893,4452,356,8.0,28.2,0.8,0.0,0,0.0,0.0,0.55,0.009,0.541,76,0.0,False,356.0
07018,East Orange,Essex County,40.755733,-74.217917,6124,1500,24.5,51.1,5.2,0.0,2,1.65,2866.0,0.861,0.323,0.538,77,0.08,False,1500.0
08344,Newfield,Gloucester County,39.561745,-74.986037,1071,26,2.4,35.7,4.9,0.159,0,1.11,255.0,0.579,0.041,0.538,77,0.0,False,26.0
07077,Sewaren,Middlesex County,40.554147,-74.25306,504,0,0.0,19.4,3.1,1.0,1,1.63,898.0,0.648,0.112,0.536,79,0.33,False,0.0
07060,Plainfield,Union County,40.616667,-74.422042,12501,3375,27.0,62.1,13.7,0.0,2,2.81,1041.0,0.926,0.401,0.525,80,0.33,False,3375.0
07050,Orange,Essex County,40.76804,-74.235692,8605,2332,27.1,55.5,13.6,0.0,2,1.81,2850.0,0.922,0.397,0.525,80,0.0,False,2332.0
07422,Highland Lks,Sussex County,41.173751,-74.446963,867,14,1.6,12.0,12.0,1.0,1,2.48,136.0,0.732,0.216,0.516,82,0.33,False,14.0
08094,Williamstown,Gloucester County,39.650601,-74.959311,8597,361,4.2,22.3,6.4,0.0,0,0.42,91.0,0.542,0.027,0.515,83,0.0,False,361.0
07062,Plainfield,Union County,40.631253,-74.403884,4053,884,21.8,40.6,13.0,0.0,0,2.6,1029.0,0.863,0.349,0.514,84,0.08,False,884.0
07017,East Orange,Essex County,40.771918,-74.207082,9268,2577,27.8,50.4,3.6,0.0,1,1.69,2807.0,0.847,0.333,0.514,84,0.0,False,2577.0
07106,Newark,Essex County,40.741768,-74.230452,8793,3113,35.4,42.5,11.7,0.0,3,1.87,2578.0,0.908,0.395,0.513,86,0.25,False,3113.0
08812,Dunellen,Somerset County,40.598731,-74.478793,3075,713,23.2,30.4,12.6,0.0,0,2.97,361.0,0.838,0.327,0.511,87,0.0,False,713.0
08205,Galloway,Atlantic County,39.482,-74.452637,5498,418,7.6,33.0,0.5,0.0,2,1.0,162.0,0.548,0.039,0.509,88,0.0,False,418.0
08701,Lakewood,Ocean County,40.077069,-74.19851,67950,19502,28.7,69.5,1.6,0.0,13,1.57,3241.0,0.828,0.321,0.507,89,0.0,False,19502.0
08562,Wrightstown,Burlington County,40.061957,-74.591878,1011,367,36.3,47.6,0.0,0.0,1,2.75,46.0,0.748,0.244,0.504,90,0.0,False,367.0
07022,Fairview,Bergen County,40.82111,-74.003032,2588,950,36.7,33.9,18.6,0.0,0,1.36,4154.0,0.888,0.385,0.503,91,0.58,False,950.0
08332,Millville,Cumberland County,39.366217,-75.026853,7785,1308,16.8,55.3,2.1,1.0,4,2.01,2974.0,0.982,0.483,0.499,92,0.33,False,1308.0
07871,Sparta,Sussex County,41.046696,-74.627989,5181,244,4.7,3.1,4.8,1.0,2,2.65,9.0,0.715,0.225,0.49,93,0.08,False,244.0
08360,Vineland,Cumberland County,39.492354,-75.003447,11191,2652,23.7,55.0,3.0,0.646,4,2.01,2974.0,0.971,0.483,0.488,94,0.67,False,2652.0
07843,Hopatcong,Sussex County,40.939227,-74.659506,2185,63,2.9,18.7,2.8,1.0,0,2.88,160.0,0.755,0.275,0.48,95,0.08,False,63.0
08343,Monroeville,Salem County,39.636348,-75.16756,1039,34,3.3,3.1,3.9,0.517,0,0.37,0.0,0.495,0.018,0.477,96,0.0,False,34.0
08312,Clayton,Gloucester County,39.661422,-75.083899,1752,109,6.2,40.1,0.0,0.0,0,0.93,155.0,0.509,0.035,0.474,97,0.0,False,109.0
08611,Trenton,Mercer County,40.183615,-74.740319,9070,3002,33.1,63.4,14.3,0.0,1,2.72,1753.0,0.945,0.472,0.473,98,0.0,False,3002.0
08628,Ewing,Mercer County,40.264418,-74.827047,1378,165,12.0,22.5,1.4,0.0,1,1.62,1360.0,0.607,0.135,0.472,99,0.0,False,0.0
08232,Pleasantville,Atlantic County,39.387525,-74.515196,4935,1609,32.6,63.7,3.9,0.0,0,2.2,1948.0,0.879,0.41,0.469,100,0.0,False,0.0
08609,Trenton,Mercer County,40.225747,-74.740906,3321,644,19.4,63.8,16.5,0.0,0,2.36,1765.0,0.883,0.414,0.469,100,0.0,False,0.0
08110,Pennsauken,Camden County,39.971893,-75.057876,4593,992,21.6,43.6,10.0,0.0,2,2.43,1469.0,0.857,0.391,0.466,102,0.0,False,0.0
07010,Cliffside Pk,Bergen County,40.822052,-73.987938,4999,910,18.2,43.9,3.3,0.0,0,1.16,4132.0,0.783,0.319,0.464,103,0.33,False,0.0
08027,Gibbstown,Gloucester County,39.828521,-75.294384,977,55,5.6,33.4,0.8,0.0,0,1.57,242.0,0.518,0.066,0.452,104,0.0,False,0.0
08882,South River,Middlesex County,40.445652,-74.378459,4124,883,21.4,27.6,3.4,0.0,0,2.58,520.0,0.761,0.313,0.448,105,0.0,False,0.0
08322,Franklinville,Gloucester County,39.611102,-75.048771,2260,237,10.5,17.3,0.0,0.0,0,1.3,346.0,0.491,0.053,0.438,106,0.0,False,0.0
08086,West Deptford,Gloucester County,39.851212,-75.185663,1727,225,13.0,13.1,1.3,0.0,0,1.46,1288.0,0.544,0.108,0.436,107,0.0,False,0.0
08063,National Park,Gloucester County,39.867297,-75.185621,635,34,5.3,45.5,1.8,0.0,0,1.6,1415.0,0.569,0.137,0.432,108,0.0,False,0.0
08817,Edison,Middlesex County,40.514655,-74.393104,11320,804,7.1,23.9,4.3,0.0,2,2.17,341.0,0.609,0.185,0.424,109,0.0,False,0.0
08244,Somers Point,Atlantic County,39.315511,-74.598278,2016,395,19.6,62.3,4.2,0.0,1,2.33,1924.0,0.84,0.423,0.417,110,0.0,False,0.0
07302,Jersey City,Hudson County,40.718808,-74.044634,8008,553,6.9,13.4,1.7,0.0,3,0.82,865.0,0.468,0.051,0.417,110,0.0,False,0.0
07524,Paterson,Passaic County,40.931711,-74.15687,4316,1778,41.2,71.2,8.5,0.0,1,1.8,4754.0,0.955,0.546,0.409,112,0.0,False,0.0
07457,Riverdale,Morris County,40.995886,-74.314532,705,72,10.2,33.4,5.6,0.0,0,2.64,442.0,0.722,0.317,0.405,113,0.0,False,0.0
08097,Woodbury Hts,Gloucester County,39.81329,-75.15065,617,45,7.3,13.3,2.8,0.0,0,1.71,446.0,0.503,0.104,0.399,114,0.0,False,0.0
07420,Haskell,Passaic County,41.029333,-74.302841,865,74,8.6,21.9,5.5,0.0,0,2.28,428.0,0.64,0.244,0.396,115,0.0,False,0.0
08902,N Brunswick,Middlesex County,40.441513,-74.491214,9803,1157,11.8,34.2,2.6,0.0,2,2.57,547.0,0.703,0.315,0.388,116,0.0,False,0.0
08361,Vineland,Cumberland County,39.449369,-74.958827,4407,273,6.2,22.7,2.4,1.0,1,2.01,2974.0,0.871,0.483,0.388,116,0.33,False,0.0
07109,Belleville,Essex County,40.793481,-74.161159,7439,893,12.0,30.0,4.9,0.0,2,1.72,2761.0,0.734,0.349,0.385,118,0.0,False,0.0
07502,Paterson,Passaic County,40.919659,-74.195028,4944,1651,33.4,69.5,7.4,0.0,1,1.87,4509.0,0.941,0.558,0.383,119,0.33,False,0.0
07204,Roselle Park,Union County,40.665312,-74.266555,2683,228,8.5,16.9,3.0,0.0,0,1.73,1406.0,0.552,0.176,0.376,120,0.0,False,0.0
07734,Keansburg,Monmouth County,40.444152,-74.136812,2729,330,12.1,51.7,0.8,0.0,0,3.06,203.0,0.681,0.307,0.374,121,0.0,False,0.0
08201,Absecon,Atlantic County,39.423563,-74.493025,2165,240,11.1,34.2,3.3,0.0,1,1.95,1948.0,0.712,0.34,0.372,122,0.0,False,0.0
07505,Paterson,Passaic County,40.917008,-74.171936,1000,573,57.3,74.7,15.6,0.0,1,1.88,4756.0,0.961,0.594,0.367,123,0.33,False,0.0
07624,Closter,Bergen County,40.97289,-73.960315,2443,330,13.5,19.7,2.7,0.0,0,1.34,3516.0,0.646,0.286,0.36,124,0.0,False,0.0
07522,Paterson,Passaic County,40.923569,-74.179225,6809,2656,39.0,79.2,5.6,0.0,0,1.88,4756.0,0.943,0.594,0.349,125,0.33,False,0.0
08629,Trenton,Mercer County,40.220644,-74.731246,2846,245,8.6,48.2,12.6,0.0,0,2.36,1765.0,0.763,0.414,0.349,125,0.0,False,0.0
08533,New Egypt,Ocean County,40.015589,-74.485083,1575,39,2.5,22.4,1.6,0.0,0,1.25,0.0,0.384,0.037,0.347,127,0.0,False,0.0
07460,Stockholm,Sussex County,41.114264,-74.493844,648,0,0.0,22.2,0.0,0.665,0,1.95,0.0,0.444,0.1,0.344,128,0.0,False,0.0
07026,Garfield,Bergen County,40.879797,-74.10825,6383,1334,20.9,48.3,8.5,0.0,0,1.69,4791.0,0.859,0.519,0.34,129,0.0,False,0.0
07650,Palisades Pk,Bergen County,40.847017,-73.997061,2707,303,11.2,24.1,7.6,0.0,0,1.37,4133.0,0.718,0.38,0.338,130,0.0,False,0.0
07762,Spring Lake,Monmouth County,40.153409,-74.033732,1101,66,6.0,18.1,0.0,0.0,1,1.16,879.0,0.395,0.059,0.336,131,0.0,False,0.0
07660,Ridgefield Pk,Bergen County,40.854705,-74.019926,3043,721,23.7,44.8,1.6,0.0,0,1.59,4156.0,0.775,0.441,0.334,132,0.0,False,0.0
07055,Passaic,Passaic County,40.857552,-74.129089,21853,7080,32.4,66.6,5.1,0.0,2,1.83,4920.0,0.912,0.585,0.327,133,0.0,False,0.0
08904,Highland Park,Middlesex County,40.500795,-74.427911,2788,231,8.3,10.8,3.9,0.0,2,2.25,331.0,0.524,0.2,0.324,134,0.0,False,0.0
08089,Waterford Wks,Camden County,39.713093,-74.831034,589,13,2.2,30.2,0.0,0.0,0,0.52,107.0,0.352,0.031,0.321,135,0.0,False,0.0
07514,Paterson,Passaic County,40.924786,-74.144542,4685,1288,27.5,59.5,10.0,0.0,0,1.93,4754.0,0.92,0.607,0.313,136,0.0,False,0.0
08226,Ocean City,Cape May County,39.263784,-74.607753,1697,283,16.7,27.5,3.8,1.0,1,3.92,2161.0,0.978,0.666,0.312,137,0.0,False,0.0
07501,Paterson,Passaic County,40.911998,-74.170965,10198,3437,33.7,72.8,10.5,0.0,2,1.95,5026.0,0.951,0.64,0.311,138,0.33,False,0.0
07421,Hewitt,Passaic County,41.17374,-74.352613,1521,56,3.7,4.9,3.3,0.083,0,1.52,0.0,0.35,0.043,0.307,139,0.0,False,0.0
07094,Secaucus,Hudson County,40.781958,-74.067649,4406,189,4.3,15.3,2.2,0.0,2,1.18,1899.0,0.429,0.125,0.304,140,0.0,False,0.0
07442,Pompton Lakes,Passaic County,41.002734,-74.286742,2511,412,16.4,13.6,2.5,0.0,1,2.61,466.0,0.613,0.311,0.302,141,0.0,False,0.0
07030,Hoboken,Hudson County,40.745251,-74.027926,8765,473,5.4,8.8,1.1,0.0,1,0.78,801.0,0.348,0.047,0.301,142,0.0,False,0.0
07418,Glenwood,Sussex County,41.242216,-74.486108,633,0,0.0,15.9,0.0,1.0,0,2.48,136.0,0.513,0.216,0.297,143,0.17,False,0.0
07644,Lodi,Bergen County,40.877915,-74.0825,5757,1192,20.7,46.0,4.3,0.0,0,1.7,4792.0,0.82,0.524,0.296,144,0.0,False,0.0
07503,Paterson,Passaic County,40.897548,-74.154121,5245,1720,32.8,63.8,8.2,0.0,0,1.98,5138.0,0.939,0.654,0.285,145,0.33,False,0.0
07885,Wharton,Morris County,40.910409,-74.599964,2381,502,21.1,19.1,6.8,0.0,1,4.28,167.0,0.74,0.462,0.278,146,0.0,False,0.0
07071,Lyndhurst,Bergen County,40.797113,-74.11298,3893,210,5.4,21.5,2.1,0.0,1,1.61,1973.0,0.501,0.227,0.274,147,0.0,False,0.0
08230,Ocean View,Cape May County,39.201062,-74.706753,1447,36,2.5,5.7,1.2,1.0,0,2.76,327.0,0.574,0.302,0.272,148,0.0,False,0.0
08872,Sayreville,Middlesex County,40.455736,-74.351468,4545,345,7.6,21.4,4.6,0.0,2,2.69,520.0,0.603,0.331,0.272,148,0.0,False,0.0
08050,Manahawkin,Ocean County,39.712132,-74.231888,5146,93,1.8,15.7,1.3,0.0,0,0.0,0.0,0.276,0.009,0.267,150,0.0,False,0.0
08065,Palmyra,Burlington County,40.002615,-75.035273,1323,130,9.8,21.5,3.5,0.0,0,2.35,1469.0,0.624,0.358,0.266,151,0.0,False,0.0
07856,Mt Arlington,Morris County,40.916422,-74.626763,642,83,12.9,17.5,2.1,0.0,1,3.41,167.0,0.599,0.335,0.264,152,0.0,False,0.0
08873,Somerset,Somerset County,40.499667,-74.531844,11478,1286,11.2,21.5,8.5,0.0,4,3.86,308.0,0.693,0.431,0.262,153,0.0,False,0.0
07003,Bloomfield,Essex County,40.809141,-74.187142,10040,1034,10.3,24.6,4.0,0.0,3,1.83,2762.0,0.665,0.404,0.261,154,0.0,False,0.0
08080,Sewell,Gloucester County,39.757353,-75.122043,8549,436,5.1,18.3,0.4,0.0,1,1.83,405.0,0.39,0.129,0.261,154,0.0,False,0.0
07024,Fort Lee,Bergen County,40.85064,-73.971007,6922,588,8.5,19.9,7.6,0.0,1,1.46,4019.0,0.636,0.385,0.251,156,0.0,False,0.0
07513,Paterson,Passaic County,40.904592,-74.148966,2946,795,27.0,75.7,5.9,0.0,0,1.98,5169.0,0.906,0.658,0.248,157,0.33,False,0.0
07088,Vauxhall,Union County,40.718342,-74.283764,570,95,16.7,41.5,0.0,0.0,0,1.9,2392.0,0.654,0.407,0.247,158,0.0,False,0.0
08610,Hamilton,Mercer County,40.193643,-74.715963,8341,776,9.3,24.1,10.1,0.0,1,2.61,1713.0,0.688,0.458,0.23,159,0.0,False,0.0
07504,Paterson,Passaic County,40.912433,-74.140689,3255,781,24.0,68.0,8.0,0.0,1,2.12,4886.0,0.896,0.67,0.226,160,0.0,False,0.0
07631,Englewood,Bergen County,40.891197,-73.972515,6541,458,7.0,24.7,2.8,0.0,2,1.41,3993.0,0.581,0.356,0.225,161,0.0,False,0.0
08062,Mullica Hill,Gloucester County,39.716095,-75.219267,4705,325,6.9,12.7,0.5,0.0,0,2.25,306.0,0.407,0.185,0.222,162,0.0,False,0.0
07874,Stanhope,Sussex County,40.928908,-74.709458,1737,132,7.6,11.3,2.4,0.972,0,3.6,2084.0,0.812,0.599,0.213,163,0.0,False,0.0
07407,Elmwood Park,Bergen County,40.904526,-74.119514,4554,697,15.3,23.3,9.1,0.0,0,1.85,4506.0,0.751,0.544,0.207,164,0.0,False,0.0
07508,North Haledon,Passaic County,40.955021,-74.183692,5180,896,17.3,40.9,2.8,0.0,0,1.91,4324.0,0.767,0.564,0.203,165,0.0,False,0.0
07033,Kenilworth,Union County,40.678089,-74.288114,2099,191,9.1,38.6,0.0,0.0,0,2.03,1938.0,0.566,0.366,0.2,166,0.0,False,0.0
08330,Mays Landing,Atlantic County,39.469337,-74.747162,6006,523,8.7,32.8,3.5,0.0,1,1.13,7492.0,0.663,0.464,0.199,167,0.0,False,0.0
07640,Harrington Pk,Bergen County,40.991681,-73.980202,1163,127,10.9,4.3,2.8,0.0,0,1.32,3516.0,0.476,0.283,0.193,168,0.0,False,0.0
07604,Hasbrouck Hts,Bergen County,40.861513,-74.073114,2640,504,19.1,22.6,4.0,0.0,0,1.72,4818.0,0.73,0.538,0.192,169,0.0,False,0.0
07430,Mahwah,Bergen County,41.082067,-74.183061,4212,135,3.2,7.4,0.2,0.0,0,0.92,153.0,0.223,0.033,0.19,170,0.0,False,0.0
07601,Hackensack,Bergen County,40.889398,-74.045698,6786,835,12.3,39.9,1.9,0.0,5,1.8,4188.0,0.699,0.511,0.188,171,0.0,False,0.0
07458,U Saddle Riv,Bergen County,41.046658,-74.096482,2660,141,5.3,6.6,2.8,0.0,0,1.0,3110.0,0.382,0.196,0.186,172,0.0,False,0.0
08008,Beach Haven,Ocean County,39.623538,-74.206089,575,10,1.8,11.6,0.2,0.0,0,0.0,0.0,0.194,0.009,0.185,173,0.0,False,0.0
08071,Pitman,Gloucester County,39.731654,-75.134257,1713,74,4.3,10.3,0.6,0.0,0,1.74,405.0,0.303,0.119,0.184,174,0.0,False,0.0
07057,Wallington,Bergen County,40.853084,-74.106323,2357,436,18.5,36.1,6.5,0.0,0,1.94,4922.0,0.814,0.63,0.184,174,0.0,False,0.0
07632,Englewd Clfs,Bergen County,40.884634,-73.944654,1139,83,7.3,12.3,1.4,0.0,0,1.25,3662.0,0.452,0.278,0.174,176,0.0,False,0.0
07801,Dover,Morris County,40.901125,-74.564783,5476,969,17.7,29.6,12.1,0.0,0,4.97,1408.0,0.806,0.634,0.172,177,0.0,False,0.0
07643,Little Ferry,Bergen County,40.843431,-74.034239,1490,139,9.3,25.8,2.3,0.0,1,1.5,4488.0,0.616,0.446,0.17,178,0.0,False,0.0
07027,Garwood,Union County,40.651331,-74.323152,793,53,6.7,17.9,2.7,0.0,0,2.15,1697.0,0.515,0.346,0.169,179,0.0,False,0.0
07645,Montvale,Bergen County,41.054594,-74.047298,1928,98,5.1,8.6,2.2,0.0,0,1.08,3038.0,0.37,0.202,0.168,180,0.0,False,0.0
07011,Clifton,Passaic County,40.880427,-74.143246,7702,762,9.9,38.0,6.2,0.0,2,1.82,4889.0,0.738,0.577,0.161,181,0.0,False,0.0
07882,Washington,Warren County,40.75543,-75.01087,3355,352,10.5,19.3,2.3,0.0,2,3.25,846.0,0.585,0.427,0.158,182,0.0,False,0.0
08640,Jb Mdl,Burlington County,40.013969,-74.575016,1252,106,8.5,1.6,0.5,0.0,0,2.28,40.0,0.301,0.145,0.156,183,0.0,False,0.0
08406,Ventnor,Atlantic County,39.342046,-74.482626,1068,110,10.3,15.1,2.6,0.0,2,2.2,1948.0,0.562,0.41,0.152,184,0.0,False,0.0
08837,Edison,Middlesex County,40.514281,-74.343859,4976,124,2.5,20.8,0.7,0.0,2,2.19,341.0,0.337,0.19,0.147,185,0.0,False,0.0
08865,Phillipsburg,Warren County,40.708226,-75.147073,5593,928,16.6,29.0,2.3,0.0,2,4.79,1069.0,0.715,0.572,0.143,186,0.0,False,0.0
07465,Wanaque,Passaic County,41.04927,-74.292337,904,20,2.2,12.1,0.0,0.0,1,1.34,427.0,0.204,0.061,0.143,186,0.0,False,0.0
08085,Swedesboro,Gloucester County,39.753766,-75.33104,6578,717,10.9,25.3,1.1,0.011,3,1.87,3282.0,0.601,0.46,0.141,188,0.0,False,0.0
07628,Dumont,Bergen County,40.945239,-73.992428,3553,288,8.1,22.2,0.8,0.0,1,1.52,3915.0,0.511,0.37,0.141,188,0.0,False,0.0
08816,E Brunswick,Middlesex County,40.429119,-74.416287,12066,434,3.6,16.2,2.1,0.0,2,2.34,520.0,0.401,0.264,0.137,190,0.0,False,0.0
07436,Oakland,Bergen County,41.031022,-74.240502,2762,58,2.1,11.3,0.8,0.0,2,1.71,466.0,0.239,0.106,0.133,191,0.0,False,0.0
07072,Carlstadt,Bergen County,40.826431,-74.062335,928,329,35.4,20.0,0.8,0.0,0,1.74,4854.0,0.677,0.548,0.129,192,0.0,False,0.0
08081,Sicklerville,Camden County,39.732942,-74.976657,12492,1449,11.6,29.4,5.0,0.0,4,1.79,7087.0,0.728,0.601,0.127,193,0.0,False,0.0
07083,Union,Union County,40.695266,-74.269078,10147,680,6.7,21.9,4.1,0.0,6,2.11,2372.0,0.577,0.451,0.126,194,0.0,False,0.0
08051,Mantua,Gloucester County,39.784025,-75.175979,2747,115,4.2,24.3,0.0,0.0,1,2.58,314.0,0.393,0.268,0.125,195,0.0,False,0.0
08854,Piscataway,Middlesex County,40.539658,-74.462791,10613,531,5.0,13.4,3.0,0.0,5,3.29,305.0,0.454,0.337,0.117,196,0.0,False,0.0
08104,Camden,Camden County,39.916459,-75.111355,6443,2616,40.6,77.6,0.7,0.0,2,2.27,8345.0,0.832,0.727,0.105,197,0.0,False,0.0
08620,Yardville,Mercer County,40.170087,-74.651309,1932,562,29.1,29.1,1.5,0.0,1,4.36,1799.0,0.742,0.638,0.104,198,0.0,False,0.0
07444,Pompton Plns,Morris County,40.967407,-74.306967,1783,194,10.9,8.4,11.7,0.0,4,3.46,1203.0,0.595,0.493,0.102,199,0.0,False,0.0
08056,Mickleton,Gloucester County,39.783683,-75.255302,1444,0,0.0,9.7,2.7,0.0,0,1.65,242.0,0.178,0.078,0.1,200,0.0,False,0.0
07438,Oak Ridge,Morris County,41.029821,-74.521772,2240,143,6.4,1.8,1.7,0.0,0,2.63,9.0,0.312,0.221,0.091,201,0.0,False,0.0
07605,Leonia,Bergen County,40.863391,-73.988466,1945,165,8.5,14.5,0.7,0.0,0,1.48,3994.0,0.464,0.374,0.09,202,0.0,False,0.0
07080,S Plainfield,Middlesex County,40.574413,-74.4148,5057,177,3.5,13.5,1.8,0.0,2,2.48,402.0,0.358,0.272,0.086,203,0.0,False,0.0
07074,Moonachie,Bergen County,40.838144,-74.055077,750,20,2.7,46.7,9.4,0.0,0,1.6,4784.0,0.589,0.505,0.084,204,0.0,False,0.0
07456,Ringwood,Passaic County,41.097039,-74.262921,2186,9,0.4,3.9,3.3,0.0,0,1.28,427.0,0.139,0.055,0.084,204,0.0,False,0.0
07850,Landing,Morris County,40.906766,-74.659352,1451,228,15.7,28.9,6.2,0.0,0,4.31,2109.0,0.771,0.687,0.084,204,0.0,False,0.0
07480,West Milford,Passaic County,41.08587,-74.37839,2659,61,2.3,10.3,2.0,0.0,0,2.23,381.0,0.278,0.209,0.069,207,0.0,False,0.0
07657,Ridgefield,Bergen County,40.832677,-74.014088,2024,71,3.5,22.4,2.1,0.0,0,1.36,4149.0,0.446,0.378,0.068,208,0.0,False,0.0
08530,Lambertville,Hunterdon County,40.37002,-74.910161,1148,15,1.3,2.1,1.2,0.0,0,0.27,57.0,0.084,0.022,0.062,209,0.0,False,0.0
07621,Bergenfield,Bergen County,40.922334,-73.998001,5822,320,5.5,10.6,3.7,0.0,2,1.58,3921.0,0.462,0.404,0.058,210,0.0,False,0.0
07666,Teaneck,Bergen County,40.890317,-74.011478,9828,560,5.7,18.1,3.2,0.0,3,1.66,4060.0,0.505,0.448,0.057,211,0.0,False,0.0
07081,Springfield,Union County,40.697966,-74.334436,3649,248,6.8,12.8,1.5,0.0,0,2.17,1938.0,0.45,0.393,0.057,211,0.0,False,0.0
08109,Pennsauken,Camden County,39.94933,-75.04953,5349,1674,31.3,46.3,1.8,0.0,1,2.33,8531.0,0.808,0.755,0.053,213,0.0,False,0.0
07603,Bogota,Bergen County,40.874293,-74.029737,1867,71,3.8,19.5,10.6,0.0,0,1.69,4153.0,0.526,0.474,0.052,214,0.0,False,0.0
07310,Jersey City,Hudson County,40.727895,-74.033212,1382,35,2.5,2.4,0.0,0.0,2,0.73,709.0,0.092,0.045,0.047,215,0.0,False,0.0
07066,Clark,Union County,40.62065,-74.309862,3328,50,1.5,8.9,2.0,0.0,0,1.87,1070.0,0.227,0.188,0.039,216,0.0,False,0.0
08030,Gloucester Cy,Camden County,39.889564,-75.118494,3534,410,11.6,55.2,4.3,0.0,1,2.35,8345.0,0.779,0.745,0.034,217,0.0,False,0.0
08021,Lindenwold,Camden County,39.806156,-75.000012,10965,3081,28.1,48.9,2.4,0.0,5,2.76,7439.0,0.822,0.789,0.033,218,0.0,False,0.0
08859,Parlin,Middlesex County,40.458172,-74.303799,5634,507,9.0,34.0,4.0,0.0,0,2.44,4070.0,0.679,0.648,0.031,219,0.0,False,0.0
07740,Long Branch,Monmouth County,40.295372,-73.989899,6661,1505,22.6,44.3,9.3,0.0,2,4.32,4694.0,0.865,0.836,0.029,220,0.0,False,0.0
07424,Little Falls,Passaic County,40.882319,-74.205876,4527,308,6.8,25.5,5.9,0.0,0,1.9,4796.0,0.638,0.61,0.028,221,0.0,False,0.0
08077,Cinnaminson,Burlington County,40.000162,-74.991632,4475,210,4.7,11.5,2.5,0.0,0,2.41,1509.0,0.417,0.389,0.028,221,0.0,False,0.0
07020,Edgewater,Bergen County,40.82465,-73.973793,2194,57,2.6,6.1,4.5,0.0,0,1.09,4013.0,0.315,0.288,0.027,223,0.0,False,0.0
08641,Jb Mdl,Burlington County,40.027985,-74.587819,1666,78,4.7,2.4,1.7,0.0,0,2.66,46.0,0.258,0.235,0.023,224,0.0,False,0.0
07753,Neptune,Monmouth County,40.210761,-74.074499,6909,1292,18.7,27.9,4.9,0.0,2,3.13,4673.0,0.777,0.761,0.016,225,0.0,False,0.0
08820,Edison,Middlesex County,40.576806,-74.36575,9785,313,3.2,10.3,2.4,0.0,2,2.4,1115.0,0.343,0.329,0.014,226,0.0,False,0.0
07670,Tenafly,Bergen County,40.918309,-73.950523,4760,148,3.1,3.3,4.3,0.0,3,1.28,3481.0,0.282,0.27,0.012,227,0.0,False,0.0
07014,Clifton,Passaic County,40.831339,-74.135419,970,82,8.5,19.2,4.5,0.0,1,1.88,4631.0,0.593,0.581,0.012,227,0.0,False,0.0
07052,West Orange,Essex County,40.785755,-74.265058,10355,922,8.9,25.1,3.1,0.0,4,2.74,3485.0,0.632,0.623,0.009,229,0.0,False,0.0
08045,Lawnside,Camden County,39.867211,-75.029156,555,177,31.9,40.8,5.5,0.0,0,3.92,8748.0,0.869,0.861,0.008,230,0.0,False,0.0
08750,Sea Girt,Monmouth County,40.133372,-74.041501,511,0,0.0,14.4,8.0,0.0,0,1.68,2502.0,0.309,0.302,0.007,231,0.0,False,0.0
08031,Bellmawr,Camden County,39.866356,-75.09467,2621,367,14.0,28.6,8.5,0.0,0,2.45,8361.0,0.773,0.769,0.004,232,0.0,False,0.0
08879,South Amboy,Middlesex County,40.46641,-74.278625,4690,764,16.3,29.9,0.7,0.0,0,2.45,4072.0,0.65,0.65,0.0,233,0.0,False,0.0
08061,Mount Royal,Gloucester County,39.79887,-75.205365,1272,0,0.0,13.3,2.0,0.0,1,2.27,306.0,0.19,0.192,-0.002,234,0.0,False,0.0
07005,Boonton,Morris County,40.93035,-74.411123,3375,226,6.7,18.8,1.6,0.0,4,3.6,1112.0,0.493,0.495,-0.002,234,0.0,False,0.0
08098,Woodstown,Salem County,39.639301,-75.329801,2173,109,5.0,15.8,1.3,0.999,1,2.63,5902.0,0.753,0.765,-0.012,236,0.0,False,0.0
07803,Mine Hill,Morris County,40.878088,-74.601176,840,87,10.4,9.8,0.0,0.0,0,3.57,647.0,0.425,0.441,-0.016,237,0.0,False,0.0
08840,Metuchen,Middlesex County,40.543139,-74.358981,4726,104,2.2,7.7,0.7,0.0,4,2.2,391.0,0.186,0.206,-0.02,238,0.0,False,0.0
08093,Westville,Gloucester County,39.861571,-75.132975,1700,449,26.4,49.5,0.0,0.0,1,2.35,8345.0,0.724,0.745,-0.021,239,0.0,False,0.0
07446,Ramsey,Bergen County,41.059136,-74.145931,3833,77,2.0,5.3,1.6,0.0,0,1.17,2826.0,0.182,0.206,-0.024,240,0.0,False,0.0
07823,Belvidere,Warren County,40.823262,-75.046014,1025,206,20.1,20.7,0.0,0.0,0,5.77,846.0,0.587,0.613,-0.026,241,0.0,False,0.0
07405,Kinnelon,Morris County,40.987841,-74.378188,3474,261,7.5,7.9,1.9,0.0,1,3.36,1178.0,0.438,0.466,-0.028,242,0.0,False,0.0
08880,S Bound Brook,Somerset County,40.553947,-74.527455,1106,340,30.7,52.2,8.8,0.0,0,6.62,5652.0,0.91,0.94,-0.03,243,0.33,False,0.0
07828,Budd Lake,Morris County,40.884959,-74.755657,3359,272,8.1,20.8,4.7,0.0,0,3.88,2102.0,0.605,0.645,-0.04,244,0.0,False,0.0
07031,N Arlington,Bergen County,40.786256,-74.12622,2975,51,1.7,22.8,0.0,0.0,1,1.62,2735.0,0.264,0.309,-0.045,245,0.0,False,0.0
08757,Toms River,Ocean County,39.960591,-74.260843,3927,620,15.8,49.5,1.3,0.0,2,2.25,12978.0,0.726,0.783,-0.057,246,0.0,False,0.0
08004,Atco,Camden County,39.755333,-74.830512,1666,190,11.4,20.9,2.5,0.0,0,2.03,7042.0,0.626,0.689,-0.063,247,0.0,False,0.0
07825,Blairstown,Warren County,40.982962,-74.961996,1506,23,1.5,12.1,2.7,0.022,0,3.96,0.0,0.29,0.354,-0.064,248,0.0,False,0.0
08804,Bloomsbury,Hunterdon County,40.646656,-75.09576,555,73,13.2,15.8,0.0,0.0,0,4.79,1069.0,0.507,0.572,-0.065,249,0.0,False,0.0
08221,Linwood,Atlantic County,39.339936,-74.56447,1616,65,4.0,8.2,2.7,0.0,1,2.33,1924.0,0.356,0.423,-0.067,250,0.0,False,0.0
08850,Milltown,Middlesex County,40.449151,-74.440313,2092,17,0.8,21.4,0.0,0.0,0,2.44,480.0,0.211,0.28,-0.069,251,0.0,False,0.0
07849,Lk Hopatcong,Morris County,40.964142,-74.612574,1634,18,1.1,11.4,1.3,0.004,0,2.88,160.0,0.2,0.275,-0.075,252,0.0,False,0.0
08088,Southampton,Burlington County,39.837315,-74.695267,4028,121,3.0,7.5,2.3,0.0,0,1.97,1968.0,0.286,0.362,-0.076,253,0.0,False,0.0
08724,Brick,Ocean County,40.091032,-74.114395,7338,257,3.5,16.7,2.1,0.0,1,1.91,3238.0,0.399,0.476,-0.077,254,0.0,False,0.0
08638,Trenton,Mercer County,40.254018,-74.763385,4613,1144,24.8,44.0,4.4,0.0,1,4.1,13784.0,0.836,0.914,-0.078,255,0.0,False,0.0
07863,Oxford,Warren County,40.807571,-74.957451,608,71,11.7,9.4,3.6,0.0,0,3.4,2700.0,0.556,0.636,-0.08,256,0.0,False,0.0
07075,Wood Ridge,Bergen County,40.850183,-74.087068,1877,280,14.9,10.2,0.0,0.0,1,1.8,4873.0,0.481,0.562,-0.081,257,0.0,False,0.0
08736,Manasquan,Monmouth County,40.120018,-74.053257,2765,97,3.5,2.9,1.4,0.0,3,1.68,2502.0,0.221,0.302,-0.081,257,0.0,False,0.0
08096,Woodbury,Gloucester County,39.829402,-75.129032,6920,727,10.5,24.6,2.2,0.0,4,2.25,8239.0,0.63,0.716,-0.086,259,0.0,False,0.0
07712,Asbury Park,Monmouth County,40.246895,-74.054502,7198,885,12.3,34.3,5.5,0.0,0,4.51,4731.0,0.757,0.843,-0.086,259,0.0,False,0.0
08091,West Berlin,Camden County,39.807116,-74.924178,855,119,13.9,25.3,4.4,0.0,1,3.21,7171.0,0.72,0.808,-0.088,261,0.0,False,0.0
08527,Jackson,Ocean County,40.108665,-74.358602,15027,1908,12.7,35.8,1.7,0.0,3,2.61,7245.0,0.683,0.771,-0.088,261,0.0,False,0.0
08059,Mount Ephraim,Camden County,39.884825,-75.092667,1205,254,21.1,31.3,0.0,0.0,0,2.35,8345.0,0.656,0.745,-0.089,263,0.0,False,0.0
08046,Willingboro,Burlington County,40.02795,-74.886984,6585,1225,18.6,36.3,4.9,0.0,4,3.52,20900.0,0.8,0.89,-0.09,264,0.0,False,0.0
08731,Forked River,Ocean County,39.859886,-74.292741,3609,159,4.4,15.3,2.3,0.0,1,1.21,10618.0,0.436,0.526,-0.09,264,0.0,False,0.0
08068,Pemberton,Burlington County,39.961394,-74.665922,1333,244,18.3,34.8,5.0,0.0,2,3.53,20426.0,0.791,0.881,-0.09,264,0.0,False,0.0
07821,Andover,Sussex County,40.966037,-74.754687,1702,46,2.7,11.7,0.7,0.834,1,4.06,2084.0,0.571,0.663,-0.092,267,0.0,False,0.0
08758,Waretown,Ocean County,39.794543,-74.253337,1419,101,7.1,16.4,0.0,0.0,0,1.12,10609.0,0.421,0.515,-0.094,268,0.0,False,0.0
08223,Marmora,Cape May County,39.26952,-74.657118,879,24,2.7,6.1,0.0,1.0,1,3.71,2128.0,0.538,0.632,-0.094,268,0.0,False,0.0
07069,Watchung,Somerset County,40.642845,-74.436233,1360,45,3.3,7.2,1.7,0.0,0,2.43,1380.0,0.27,0.364,-0.094,268,0.0,False,0.0
08514,Cream Ridge,Monmouth County,40.134245,-74.491732,1272,123,9.7,0.0,2.7,0.0,1,4.11,496.0,0.403,0.499,-0.096,271,0.0,False,0.0
07656,Park Ridge,Bergen County,41.036183,-74.044293,1736,17,1.0,9.4,1.4,0.0,0,1.28,3053.0,0.155,0.252,-0.097,272,0.0,False,0.0
07652,Paramus,Bergen County,40.947299,-74.070169,4949,386,7.8,6.7,1.6,0.0,4,1.87,3953.0,0.409,0.507,-0.098,273,0.0,False,0.0
08010,Beverly,Burlington County,40.053506,-74.918438,2128,832,39.1,42.8,1.0,0.0,0,3.46,21750.0,0.787,0.885,-0.098,273,0.08,False,0.0
08009,Berlin,Camden County,39.760656,-74.93286,3236,362,11.2,21.6,3.8,0.0,0,2.47,7106.0,0.652,0.753,-0.101,275,0.0,False,0.0
08052,Maple Shade,Burlington County,39.952381,-74.994896,4355,610,14.0,37.0,1.7,0.0,0,2.91,8377.0,0.708,0.81,-0.102,276,0.0,False,0.0
07035,Lincoln Park,Morris County,40.927501,-74.308334,1634,62,3.8,20.7,7.0,0.0,0,4.12,1845.0,0.518,0.62,-0.102,276,0.0,False,0.0
07646,New Milford,Bergen County,40.934161,-74.019453,3903,121,3.1,9.5,2.2,0.0,1,1.62,3921.0,0.312,0.419,-0.107,278,0.0,False,0.0
07647,Northvale,Bergen County,41.009421,-73.941984,1155,16,1.4,9.8,0.2,0.0,0,1.12,3474.0,0.133,0.241,-0.108,279,0.0,False,0.0
08084,Stratford,Camden County,39.82899,-75.015536,1527,208,13.6,21.3,5.1,0.0,0,2.81,8290.0,0.697,0.805,-0.108,279,0.0,False,0.0
08518,Florence,Burlington County,40.115503,-74.804028,1515,159,10.5,36.9,6.7,0.0,0,3.38,18697.0,0.746,0.856,-0.11,281,0.25,False,0.0
07832,Columbia,Warren County,40.944578,-75.067346,828,13,1.6,10.6,0.0,0.0,1,3.06,0.0,0.145,0.256,-0.111,282,0.0,False,0.0
07626,Cresskill,Bergen County,40.940018,-73.958313,2263,32,1.4,9.6,0.5,0.0,1,1.23,3481.0,0.143,0.26,-0.117,283,0.0,False,0.0
07410,Fair Lawn,Bergen County,40.93583,-74.117505,9250,583,6.3,12.9,2.4,0.0,3,1.96,4355.0,0.47,0.588,-0.118,284,0.0,False,0.0
08722,Beachwood,Ocean County,39.928405,-74.202189,2206,113,5.1,35.6,2.2,0.0,0,1.73,11354.0,0.554,0.674,-0.12,285,0.0,False,0.0
07040,Maplewood,Essex County,40.733607,-74.271159,7117,157,2.2,14.8,0.4,0.0,3,1.87,2397.0,0.251,0.372,-0.121,286,0.0,False,0.0
08012,Blackwood,Camden County,39.783815,-75.056068,8900,1299,14.6,19.2,3.9,0.0,6,2.81,7466.0,0.671,0.792,-0.121,286,0.0,False,0.0
07110,Nutley,Essex County,40.820616,-74.15625,6222,317,5.1,13.4,2.1,0.0,1,1.84,4635.0,0.431,0.556,-0.125,288,0.0,False,0.0
07401,Allendale,Bergen County,41.032669,-74.133826,1963,0,0.0,5.0,5.2,0.0,1,1.51,3127.0,0.172,0.297,-0.125,288,0.0,False,0.0
07642,Hillsdale,Bergen County,41.007127,-74.045119,2089,40,1.9,5.7,2.2,0.0,0,1.58,3534.0,0.225,0.352,-0.127,290,0.0,False,0.0
08823,Franklin Park,Somerset County,40.438609,-74.565211,1554,294,18.9,29.0,8.1,0.0,0,4.33,12338.0,0.798,0.926,-0.128,291,0.0,False,0.0
07960,Morristown,Morris County,40.779235,-74.502462,8827,706,8.0,12.6,3.9,0.0,4,4.64,1807.0,0.53,0.666,-0.136,292,0.0,False,0.0
08721,Bayville,Ocean County,39.907407,-74.184817,5046,479,9.5,23.8,0.3,0.0,2,1.73,11354.0,0.532,0.674,-0.142,293,0.0,False,0.0
08016,Burlington,Burlington County,40.068064,-74.832904,7053,1072,15.2,34.8,4.1,0.0,1,3.66,20812.0,0.759,0.902,-0.143,294,0.0,False,0.0
07840,Hackettstown,Warren County,40.860045,-74.831795,6624,358,5.4,11.4,5.3,0.0,2,3.89,2101.0,0.497,0.642,-0.145,295,0.0,False,0.0
07042,Montclair,Essex County,40.813487,-74.219011,6918,664,9.6,11.6,0.6,0.0,3,2.52,3545.0,0.46,0.605,-0.145,295,0.0,False,0.0
07630,Emerson,Bergen County,40.97499,-74.023248,1412,45,3.2,3.6,4.2,0.0,0,1.68,3926.0,0.288,0.437,-0.149,297,0.0,False,0.0
08234,Egg Hbr Twp,Atlantic County,39.388393,-74.620728,10914,1419,13.0,32.2,1.8,0.0,6,2.84,9413.0,0.675,0.825,-0.15,298,0.0,False,0.0
07028,Glen Ridge,Essex County,40.804798,-74.204569,2318,0,0.0,0.6,2.9,0.0,0,1.55,2260.0,0.08,0.237,-0.157,299,0.0,False,0.0
08857,Old Bridge,Middlesex County,40.392789,-74.330397,7434,825,11.1,19.6,3.4,0.0,2,3.67,4313.0,0.628,0.787,-0.159,300,0.0,False,0.0
07720,Bradley Beach,Monmouth County,40.201604,-74.012056,512,38,7.4,7.8,18.6,0.0,0,2.48,4603.0,0.54,0.699,-0.159,300,0.0,False,0.0
08002,Cherry Hill,Camden County,39.934605,-75.025389,4855,524,10.8,27.0,3.6,0.0,1,3.41,8579.0,0.673,0.834,-0.161,302,0.0,False,0.0
08083,Somerdale,Camden County,39.841307,-75.028613,1959,335,17.1,34.8,0.2,0.0,0,3.13,8492.0,0.658,0.82,-0.162,303,0.0,False,0.0
08753,Toms River,Ocean County,39.979668,-74.150739,13144,736,5.6,23.0,2.7,0.0,7,1.83,13005.0,0.536,0.701,-0.165,304,0.0,False,0.0
07838,Great Meadows,Warren County,40.88795,-74.911692,559,79,14.2,19.7,0.0,0.0,0,5.22,1967.0,0.546,0.711,-0.165,304,0.0,False,0.0
07079,South Orange,Essex County,40.748811,-74.261512,4009,72,1.8,5.7,1.9,0.0,2,1.85,2398.0,0.192,0.36,-0.168,306,0.0,False,0.0
07013,Clifton,Passaic County,40.869405,-74.173062,4520,172,3.8,21.5,3.4,0.0,0,2.0,4933.0,0.485,0.656,-0.171,307,0.0,False,0.0
08829,High Bridge,Hunterdon County,40.670111,-74.890212,724,10,1.4,15.9,7.9,0.0,0,4.85,826.0,0.387,0.56,-0.173,308,0.0,False,0.0
08078,Runnemede,Camden County,39.853411,-75.075502,1595,110,6.9,22.9,10.9,0.0,0,3.13,8492.0,0.644,0.82,-0.176,309,0.0,False,0.0
08402,Margate City,Atlantic County,39.326385,-74.504473,753,42,5.6,3.2,0.5,0.0,1,2.33,1924.0,0.247,0.423,-0.176,309,0.0,False,0.0
08034,Cherry Hill,Camden County,39.9061,-75.000375,3852,651,16.9,25.5,2.0,0.0,4,4.08,8678.0,0.685,0.867,-0.182,311,0.0,False,0.0
07648,Norwood,Bergen County,40.992046,-73.950551,1282,3,0.2,6.9,0.8,0.0,1,1.32,3516.0,0.096,0.283,-0.187,312,0.0,False,0.0
08827,Hampton,Hunterdon County,40.668424,-74.968377,954,76,8.0,16.1,1.1,0.0,1,6.86,1115.0,0.487,0.677,-0.19,313,0.0,False,0.0
08805,Bound Brook,Somerset County,40.570639,-74.537551,3136,292,9.3,42.1,6.3,0.0,0,6.1,5585.0,0.736,0.928,-0.192,314,0.0,False,0.0
08501,Allentown,Monmouth County,40.166258,-74.552543,1225,108,8.8,10.1,0.7,0.0,2,4.41,1656.0,0.434,0.626,-0.192,314,0.0,False,0.0
07073,E Rutherford,Bergen County,40.817097,-74.085024,1765,0,0.0,14.4,11.2,0.0,1,1.79,4630.0,0.332,0.53,-0.198,316,0.0,False,0.0
07719,Wall Township,Monmouth County,40.168908,-74.073226,3896,203,5.2,13.3,1.8,0.0,2,3.22,2748.0,0.423,0.623,-0.2,317,0.0,False,0.0
07506,Hawthorne,Passaic County,40.956957,-74.158561,3832,203,5.3,13.4,1.0,0.0,0,1.98,4321.0,0.39,0.591,-0.201,318,0.0,False,0.0
07857,Netcong,Morris County,40.897942,-74.693366,535,10,1.9,20.2,5.1,0.0,0,3.88,2102.0,0.442,0.645,-0.203,319,0.0,False,0.0
07869,Randolph,Morris County,40.84164,-74.578522,6816,416,6.1,5.4,3.5,0.0,2,4.8,1408.0,0.413,0.618,-0.205,320,0.0,False,0.0
07076,Scotch Plains,Union County,40.633029,-74.372899,6507,176,2.7,4.1,1.0,0.0,2,2.64,1076.0,0.17,0.376,-0.206,321,0.0,False,0.0
08107,Oaklyn,Camden County,39.908665,-75.084445,3062,309,10.1,29.6,0.9,0.0,1,2.63,8638.0,0.597,0.805,-0.208,322,0.0,False,0.0
08742,Pt Pleasant,Ocean County,40.080812,-74.059117,4656,205,4.4,7.3,1.3,0.0,0,2.07,3238.0,0.299,0.509,-0.21,323,0.0,False,0.0
07675,Westwood,Bergen County,41.003484,-74.001753,5971,102,1.7,1.9,0.2,0.0,0,1.35,3516.0,0.072,0.29,-0.218,324,0.0,False,0.0
07070,Rutherford,Bergen County,40.820314,-74.106041,3560,150,4.2,8.1,1.2,0.0,2,1.7,4627.0,0.294,0.513,-0.219,325,0.0,False,0.0
07747,Matawan,Middlesex County,40.41325,-74.257674,6437,515,8.0,15.3,2.4,0.0,1,3.6,4029.0,0.521,0.74,-0.219,325,0.0,False,0.0
08835,Manville,Somerset County,40.541791,-74.588588,2043,503,24.6,21.0,2.2,0.0,0,6.51,5621.0,0.71,0.935,-0.225,327,0.0,False,0.0
07641,Haworth,Bergen County,40.962737,-73.99747,1022,42,4.1,0.6,0.0,0.0,0,1.5,3828.0,0.117,0.344,-0.227,328,0.0,False,0.0
07663,Saddle Brook,Bergen County,40.903099,-74.093591,2816,138,4.9,6.8,1.7,0.0,0,1.9,4505.0,0.339,0.566,-0.227,328,0.0,False,0.0
07728,Freehold,Monmouth County,40.225793,-74.285785,13454,1278,9.5,14.0,10.0,0.0,5,3.56,9515.0,0.622,0.851,-0.229,330,0.0,False,0.0
07755,Oakhurst,Monmouth County,40.26347,-74.023623,1667,77,4.6,28.9,10.4,0.0,0,4.39,4694.0,0.611,0.84,-0.229,330,0.0,False,0.0
07865,Port Murray,Warren County,40.793806,-74.898347,1149,68,5.9,31.8,0.0,0.0,0,4.36,2700.0,0.489,0.722,-0.233,332,0.0,False,0.0
08225,Northfield,Atlantic County,39.35834,-74.536312,1517,41,2.7,9.0,1.5,0.0,1,2.59,2028.0,0.26,0.501,-0.241,333,0.0,False,0.0
08075,Delran,Burlington County,40.029676,-74.948997,6980,705,10.1,21.7,6.3,0.0,2,3.68,21887.0,0.669,0.91,-0.241,333,0.0,False,0.0
07627,Demarest,Bergen County,40.954103,-73.954921,1299,0,0.0,1.4,0.0,0.0,0,1.24,3481.0,0.019,0.262,-0.243,335,0.0,False,0.0
08060,Mount Holly,Burlington County,40.010005,-74.792207,4791,479,10.0,26.4,6.4,0.0,8,4.38,20772.0,0.701,0.949,-0.248,336,0.0,False,0.0
07450,Ridgewood,Bergen County,40.981591,-74.113506,7327,220,3.0,2.8,2.8,0.0,3,1.77,4013.0,0.241,0.489,-0.248,336,0.0,False,0.0
08730,Brielle,Monmouth County,40.10841,-74.06217,1186,21,1.8,1.1,0.0,0.0,0,1.68,2502.0,0.053,0.302,-0.249,338,0.0,False,0.0
08515,Chesterfield,Burlington County,40.119177,-74.662894,2295,44,1.9,2.6,3.3,0.0,1,3.01,1610.0,0.214,0.479,-0.265,339,0.0,False,0.0
07417,Franklin Lks,Bergen County,41.007526,-74.205653,2802,81,2.9,2.6,1.4,0.0,3,1.84,3430.0,0.176,0.444,-0.268,340,0.0,False,0.0
07724,Eatontown,Monmouth County,40.298625,-74.074178,4370,406,9.3,24.7,5.2,0.0,4,5.14,8595.0,0.667,0.94,-0.273,341,0.0,False,0.0
08554,Roebling,Burlington County,40.112984,-74.781093,1086,93,8.6,41.5,0.5,0.0,0,3.39,19855.0,0.583,0.859,-0.276,342,0.0,False,0.0
07866,Rockaway,Morris County,40.954989,-74.488006,4546,155,3.4,8.5,1.8,0.0,1,4.72,1094.0,0.297,0.579,-0.282,343,0.0,False,0.0
07731,Howell,Monmouth County,40.149537,-74.203987,9431,830,8.8,14.7,2.4,0.0,1,3.23,8186.0,0.528,0.814,-0.286,344,0.0,False,0.0
07932,Florham Park,Morris County,40.777461,-74.392845,2287,204,8.9,6.7,1.2,0.0,2,3.86,3216.0,0.415,0.703,-0.288,345,0.0,False,0.0
08869,Raritan,Somerset County,40.571344,-74.646026,1241,141,11.4,17.5,3.8,0.0,3,5.94,5514.0,0.634,0.922,-0.288,345,0.0,False,0.0
07922,Berkeley Hts,Union County,40.67659,-74.427022,2576,100,3.9,5.8,0.6,0.0,2,3.37,1867.0,0.237,0.528,-0.291,347,0.0,False,0.0
08755,Toms River,Ocean County,40.008534,-74.221768,7887,331,4.2,19.8,1.3,0.0,3,1.87,13005.0,0.419,0.711,-0.292,348,0.0,False,0.0
08826,Glen Gardner,Hunterdon County,40.716574,-74.912125,870,40,4.6,5.9,0.0,0.0,0,4.33,796.0,0.229,0.521,-0.292,348,0.0,False,0.0
07034,Lake Hiawatha,Morris County,40.87948,-74.380104,2047,63,3.1,15.5,4.3,0.0,0,4.97,2485.0,0.44,0.738,-0.298,350,0.0,False,0.0
08848,Milford,Hunterdon County,40.594266,-75.096659,2164,39,1.8,4.9,0.9,0.0,2,3.77,336.0,0.127,0.429,-0.302,351,0.0,False,0.0
07607,Maywood,Bergen County,40.902885,-74.063457,1784,23,1.3,14.2,1.1,0.0,0,1.88,4188.0,0.231,0.533,-0.302,351,0.0,False,0.0
07721,Cliffwood,Monmouth County,40.435334,-74.235966,964,56,5.8,25.3,0.0,0.0,0,3.69,4118.0,0.456,0.763,-0.307,353,0.0,False,0.0
07016,Cranford,Union County,40.65755,-74.303632,5368,81,1.5,3.5,1.5,0.0,2,2.12,1978.0,0.108,0.417,-0.309,354,0.0,False,0.0
08886,Stewartsville,Warren County,40.68764,-75.100726,1669,95,5.7,5.6,0.0,0.0,1,4.79,1069.0,0.256,0.572,-0.316,355,0.0,False,0.0
08723,Brick,Ocean County,40.038584,-74.1116,5789,266,4.6,15.3,4.3,0.0,2,2.3,13850.0,0.479,0.796,-0.317,356,0.0,False,0.0
07090,Westfield,Union County,40.651644,-74.343447,8904,98,1.1,3.2,3.7,0.0,1,2.85,1679.0,0.166,0.487,-0.321,357,0.0,False,0.0
07677,Woodcliff Lk,Bergen County,41.025977,-74.061061,1577,8,0.5,0.6,1.6,0.0,0,1.62,3599.0,0.061,0.382,-0.321,357,0.0,False,0.0
07834,Denville,Morris County,40.88646,-74.487584,3796,140,3.7,7.6,6.0,0.0,1,5.77,1941.0,0.397,0.719,-0.322,359,0.0,False,0.0
07058,Pine Brook,Morris County,40.869901,-74.344241,1296,93,7.2,5.5,1.6,0.0,0,4.16,2298.0,0.368,0.691,-0.323,360,0.0,False,0.0
07946,Millington,Morris County,40.677709,-74.508538,563,27,4.8,0.0,0.0,0.0,0,3.36,1192.0,0.141,0.468,-0.327,361,0.0,False,0.0
07701,Red Bank,Monmouth County,40.360509,-74.078952,4922,256,5.2,22.6,5.4,0.0,7,4.73,7782.0,0.56,0.892,-0.332,362,0.0,False,0.0
07470,Wayne,Passaic County,40.945855,-74.245077,11710,281,2.4,9.2,4.5,0.0,2,3.01,3865.0,0.346,0.679,-0.333,363,0.0,False,0.0
07661,River Edge,Bergen County,40.927354,-74.039611,2568,46,1.8,4.9,0.8,0.0,1,1.71,3942.0,0.123,0.456,-0.333,363,0.0,False,0.0
07649,Oradell,Bergen County,40.956653,-74.032862,2157,50,2.3,4.0,0.0,0.0,0,1.68,3926.0,0.102,0.437,-0.335,365,0.0,False,0.0
07463,Waldwick,Bergen County,41.013367,-74.125217,2498,50,2.0,7.6,1.2,0.0,1,1.89,4199.0,0.202,0.54,-0.338,366,0.0,False,0.0
07735,Keyport,Monmouth County,40.450022,-74.2235,3376,61,1.8,22.5,3.2,0.0,0,3.64,4118.0,0.411,0.758,-0.347,367,0.0,False,0.0
07836,Flanders,Morris County,40.843893,-74.709761,2576,162,6.3,5.7,2.2,0.0,0,5.24,2102.0,0.38,0.727,-0.347,367,0.0,False,0.0
07662,Rochelle Park,Bergen County,40.906496,-74.078005,877,14,1.6,3.7,11.1,0.0,0,2.05,4505.0,0.268,0.616,-0.348,369,0.0,False,0.0
08215,Egg Harbor Cy,Atlantic County,39.59012,-74.581951,2723,177,6.5,30.0,5.2,0.0,1,5.65,54177.0,0.642,0.992,-0.35,370,0.0,False,0.0
08505,Bordentown,Burlington County,40.135589,-74.707255,4444,493,11.1,24.1,0.7,0.0,1,3.98,20225.0,0.574,0.924,-0.35,370,0.0,False,0.0
07012,Clifton,Passaic County,40.846899,-74.160537,4096,49,1.2,13.6,0.6,0.0,2,1.85,4620.0,0.196,0.551,-0.355,372,0.0,False,0.0
07924,Bernardsville,Somerset County,40.72577,-74.591213,2014,0,0.0,7.2,0.6,0.0,0,3.52,511.0,0.07,0.434,-0.364,373,0.0,False,0.0
07758,Port Monmouth,Monmouth County,40.434236,-74.100665,908,48,5.3,18.0,0.0,0.0,0,3.82,3754.0,0.364,0.73,-0.366,374,0.0,False,0.0
07009,Cedar Grove,Essex County,40.858017,-74.229784,2729,16,0.6,12.1,0.9,0.0,0,2.4,2985.0,0.164,0.533,-0.369,375,0.0,False,0.0
07432,Midland Park,Bergen County,40.995809,-74.141262,1323,15,1.1,6.6,3.1,0.0,2,1.98,4293.0,0.219,0.588,-0.369,375,0.0,False,0.0
08026,Gibbsboro,Camden County,39.833646,-74.969001,591,20,3.4,23.1,2.5,0.0,0,3.98,8320.0,0.466,0.853,-0.387,377,0.0,False,0.0
07043,Montclair,Essex County,40.844837,-74.200502,3899,16,0.4,4.1,1.1,0.0,1,1.56,4613.0,0.078,0.47,-0.392,378,0.0,False,0.0
07092,Mountainside,Union County,40.680722,-74.360292,1693,0,0.0,0.0,0.0,0.0,1,2.4,1626.0,0.006,0.399,-0.393,379,0.0,False,0.0
07852,Ledgewood,Morris County,40.883268,-74.668029,684,19,2.8,5.6,2.8,0.0,1,4.08,2119.0,0.272,0.67,-0.398,380,0.0,False,0.0
07853,Long Valley,Morris County,40.787399,-74.78213,3118,171,5.5,7.7,0.7,0.0,1,5.08,2146.0,0.323,0.724,-0.401,381,0.0,False,0.0
07730,Hazlet,Monmouth County,40.424164,-74.173732,3136,69,2.2,11.9,5.3,0.0,2,3.9,4101.0,0.376,0.779,-0.403,382,0.0,False,0.0
07974,New Providnce,Union County,40.696919,-74.403853,3281,36,1.1,4.6,3.3,0.0,2,3.5,2023.0,0.18,0.583,-0.403,382,0.0,False,0.0
07041,Millburn,Essex County,40.722448,-74.301546,2191,13,0.6,3.5,0.3,0.0,3,2.11,2372.0,0.045,0.451,-0.406,384,0.0,False,0.0
07023,Fanwood,Union County,40.641701,-74.385692,1828,27,1.5,1.0,0.0,0.0,1,2.76,1557.0,0.035,0.454,-0.419,385,0.0,False,0.0
08822,Flemington,Hunterdon County,40.521995,-74.866644,6770,284,4.2,15.4,3.0,0.0,4,10.43,4242.0,0.448,0.872,-0.424,386,0.0,False,0.0
07737,Leonardo,Monmouth County,40.406738,-74.063828,1027,45,4.4,10.1,2.3,0.0,0,4.57,3888.0,0.373,0.801,-0.428,387,0.0,False,0.0
08648,Lawrenceville,Mercer County,40.28449,-74.717487,5978,323,5.4,19.2,4.8,0.0,3,5.69,13870.0,0.534,0.963,-0.429,388,0.0,False,0.0
08520,East Windsor,Mercer County,40.258126,-74.53931,6668,593,8.9,23.1,1.5,0.0,5,5.88,13926.0,0.558,0.989,-0.431,389,0.0,False,0.0
07440,Pequannock,Morris County,40.946468,-74.29304,1055,0,0.0,3.0,4.5,0.0,0,3.63,1846.0,0.119,0.554,-0.435,390,0.0,False,0.0
08846,Middlesex,Middlesex County,40.574627,-74.498259,3006,177,5.9,20.1,1.3,0.0,1,5.76,5607.0,0.472,0.912,-0.44,391,0.0,False,0.0
07054,Parsippany,Morris County,40.853767,-74.401574,5373,199,3.7,6.6,2.5,0.0,5,5.25,2467.0,0.317,0.758,-0.441,392,0.0,False,0.0
07732,Highlands,Monmouth County,40.430451,-73.990424,710,0,0.0,25.5,0.0,0.0,0,2.79,3769.0,0.217,0.661,-0.444,393,0.0,False,0.0
08007,Barrington,Camden County,39.865083,-75.053762,927,61,6.6,9.7,1.5,0.0,0,3.6,8705.0,0.405,0.849,-0.444,393,0.0,False,0.0
07481,Wyckoff,Bergen County,40.999093,-74.168849,4202,63,1.5,0.4,0.3,0.0,0,1.71,4287.0,0.047,0.497,-0.45,395,0.0,False,0.0
07006,West Caldwell,Essex County,40.851187,-74.282865,5914,201,3.4,3.7,1.6,0.0,1,3.66,2955.0,0.233,0.685,-0.452,396,0.0,False,0.0
07702,Shrewsbury,Monmouth County,40.32645,-74.057373,1073,53,4.9,13.2,1.2,0.0,0,5.13,3894.0,0.373,0.825,-0.452,396,0.0,False,0.0
08108,Collingswood,Camden County,39.915048,-75.062244,3786,250,6.6,10.7,0.6,0.0,1,3.4,8643.0,0.378,0.838,-0.46,398,0.0,False,0.0
07676,Twp Washinton,Bergen County,40.988306,-74.064693,2004,12,0.6,4.6,0.0,0.0,1,1.86,3992.0,0.041,0.503,-0.462,399,0.0,False,0.0
08512,Cranbury,Middlesex County,40.324357,-74.525526,2142,212,9.9,20.0,0.0,0.0,0,5.85,12756.0,0.499,0.965,-0.466,400,0.0,False,0.0
08029,Glendora,Camden County,39.840937,-75.067211,1102,51,4.6,18.5,0.0,0.0,0,3.13,8492.0,0.354,0.82,-0.466,400,0.0,False,0.0
08825,Frenchtown,Hunterdon County,40.514189,-75.027157,873,59,6.8,18.9,0.0,0.0,0,10.35,4390.0,0.427,0.894,-0.467,402,0.0,False,0.0
08734,Lanoka Harbor,Ocean County,39.862916,-74.166413,1340,0,0.0,5.4,3.3,0.0,0,1.52,11291.0,0.129,0.597,-0.468,403,0.0,False,0.0
08106,Audubon,Camden County,39.890992,-75.073329,2126,38,1.8,26.5,1.2,0.0,0,3.08,8694.0,0.36,0.829,-0.469,404,0.0,False,0.0
07945,Mendham,Morris County,40.780656,-74.601816,2220,22,1.0,0.7,1.6,0.0,0,4.84,677.0,0.076,0.551,-0.475,405,0.0,False,0.0
07512,Totowa,Passaic County,40.903415,-74.219779,2505,43,1.7,9.8,0.3,0.0,2,1.96,4798.0,0.153,0.628,-0.475,405,0.0,False,0.0
08691,Robbinsville,Mercer County,40.208319,-74.600928,4155,125,3.0,4.2,0.0,0.0,4,4.16,1660.0,0.121,0.603,-0.482,407,0.0,False,0.0
07980,Stirling,Morris County,40.676166,-74.494548,707,0,0.0,0.0,0.0,0.0,0,3.46,1196.0,0.006,0.491,-0.485,408,0.0,False,0.0
08852,Monmouth Jct,Middlesex County,40.389909,-74.544087,3836,234,6.1,15.9,2.1,0.0,0,5.89,12623.0,0.483,0.971,-0.488,409,0.0,False,0.0
07082,Towaco,Morris County,40.926724,-74.345512,1242,0,0.0,0.0,2.2,0.0,0,4.11,1195.0,0.049,0.542,-0.493,410,0.0,False,0.0
08035,Haddon Hgts,Camden County,39.879127,-75.065918,1707,56,3.3,15.9,0.7,0.0,1,3.08,8694.0,0.335,0.829,-0.494,411,0.0,False,0.0
07876,Succasunna,Morris County,40.85447,-74.657357,1887,102,5.4,4.5,1.1,0.0,1,5.74,2606.0,0.284,0.781,-0.497,412,0.0,False,0.0
08540,Princeton,Mercer County,40.364728,-74.656314,11453,1065,9.3,12.7,0.5,0.0,9,5.37,13434.0,0.458,0.955,-0.497,412,0.0,False,0.0
08619,Hamilton,Mercer County,40.242301,-74.696408,4368,240,5.5,15.5,2.6,0.0,2,5.78,13916.0,0.474,0.978,-0.504,414,0.0,False,0.0
07045,Montville,Morris County,40.906942,-74.365608,1950,27,1.4,0.0,0.0,0.0,0,3.64,1678.0,0.031,0.536,-0.505,415,0.0,False,0.0
07950,Morris Plains,Morris County,40.846026,-74.482314,4052,69,1.7,9.5,0.9,0.0,1,5.27,1810.0,0.188,0.696,-0.508,416,0.0,False,0.0
07981,Whippany,Morris County,40.824413,-74.426241,1620,53,3.3,4.8,0.2,0.0,1,4.81,1890.0,0.174,0.682,-0.508,416,0.0,False,0.0
07423,Ho Ho Kus,Bergen County,40.9995,-74.096583,1163,0,0.0,0.0,0.0,0.0,0,1.9,4008.0,0.006,0.517,-0.511,418,0.0,False,0.0
07927,Cedar Knolls,Morris County,40.823725,-74.456354,1012,5,0.5,0.0,10.1,0.0,0,4.93,1814.0,0.168,0.682,-0.514,419,0.0,False,0.0
07764,W Long Branch,Monmouth County,40.287904,-74.020019,1720,65,3.8,12.1,0.8,0.0,0,4.58,4694.0,0.319,0.845,-0.526,420,0.0,False,0.0
07733,Holmdel,Monmouth County,40.374964,-74.173849,3959,162,4.1,3.6,4.8,0.0,3,4.56,7652.0,0.343,0.869,-0.526,420,0.0,False,0.0
07940,Madison,Morris County,40.760535,-74.41948,3777,57,1.5,6.3,1.7,0.0,4,3.99,2640.0,0.16,0.696,-0.536,422,0.0,False,0.0
08802,Asbury,Hunterdon County,40.684264,-75.023286,850,0,0.0,3.7,0.0,0.0,0,4.79,1069.0,0.027,0.572,-0.545,423,0.0,False,0.0
07004,Fairfield,Essex County,40.882508,-74.304593,1599,43,2.7,6.5,0.0,0.0,2,3.85,2851.0,0.147,0.693,-0.546,424,0.0,False,0.0
07452,Glen Rock,Bergen County,40.959471,-74.125202,3916,31,0.8,0.8,1.3,0.0,0,2.04,4335.0,0.057,0.61,-0.553,425,0.0,False,0.0
08053,Marlton,Burlington County,39.856677,-74.90081,10105,414,4.1,11.2,1.1,0.0,3,3.99,9518.0,0.327,0.881,-0.554,426,0.0,False,0.0
07044,Verona,Essex County,40.832468,-74.242863,3533,60,1.7,4.9,0.0,0.0,1,2.76,3690.0,0.086,0.652,-0.566,427,0.0,False,0.0
08876,Somerville,Somerset County,40.589554,-74.685411,3896,179,4.6,10.4,1.9,0.0,7,7.0,5455.0,0.366,0.933,-0.567,428,0.0,False,0.0
08801,Annandale,Hunterdon County,40.629609,-74.89049,1217,30,2.5,4.2,6.4,0.0,0,11.93,4242.0,0.305,0.876,-0.571,429,0.0,False,0.0
07901,Summit,Union County,40.714923,-74.366372,6076,128,2.1,6.0,1.0,0.0,0,4.21,3150.0,0.162,0.734,-0.572,430,0.0,False,0.0
08003,Cherry Hill,Camden County,39.885852,-74.971145,7137,271,3.8,8.9,1.1,0.0,1,3.93,8676.0,0.28,0.856,-0.576,431,0.0,False,0.0
08057,Moorestown,Burlington County,39.979658,-74.941308,5128,385,7.5,10.4,0.0,0.0,6,4.41,28843.0,0.362,0.953,-0.591,432,0.0,False,0.0
07921,Bedminster,Somerset County,40.656019,-74.678657,966,14,1.5,10.9,5.0,0.0,0,7.27,5388.0,0.325,0.93,-0.605,433,0.0,False,0.0
08884,Spotswood,Middlesex County,40.393613,-74.392737,1550,0,0.0,6.7,1.6,0.0,0,2.88,4265.0,0.1,0.714,-0.614,434,0.0,False,0.0
07928,Chatham,Morris County,40.724971,-74.415086,5989,54,0.9,3.3,1.3,0.0,0,4.26,2644.0,0.088,0.708,-0.62,435,0.0,False,0.0
07716,Atlantic Hlds,Monmouth County,40.402402,-74.036306,1534,40,2.6,4.5,0.6,0.0,0,4.11,3888.0,0.151,0.774,-0.623,436,0.0,False,0.0
07931,Far Hills,Somerset County,40.681417,-74.616536,661,7,1.1,9.4,10.6,0.0,0,7.39,5822.0,0.321,0.945,-0.624,437,0.0,False,0.0
07748,Middletown,Monmouth County,40.3963,-74.115274,6753,270,4.0,5.1,1.9,0.0,1,4.82,7782.0,0.274,0.898,-0.624,437,0.0,False,0.0
08690,Hamilton,Mercer County,40.225833,-74.660096,3053,174,5.7,8.4,0.5,0.0,0,5.63,13858.0,0.332,0.958,-0.626,439,0.0,False,0.0
08810,Dayton,Middlesex County,40.368285,-74.490999,1931,17,0.9,11.9,7.3,0.0,1,5.83,12560.0,0.329,0.961,-0.632,440,0.0,False,0.0
07726,Manalapan,Monmouth County,40.286506,-74.342547,10314,402,3.9,6.6,1.4,0.0,4,4.17,9765.0,0.266,0.904,-0.638,441,0.0,False,0.0
07830,Califon,Hunterdon County,40.719283,-74.794021,1563,39,2.5,2.6,0.0,0.0,1,5.66,2042.0,0.094,0.732,-0.638,441,0.0,False,0.0
07068,Roseland,Essex County,40.821737,-74.310147,1263,0,0.0,8.2,0.0,0.0,4,3.8,3287.0,0.051,0.706,-0.655,443,0.0,False,0.0
08054,Mount Laurel,Burlington County,39.948992,-74.900247,8613,456,5.3,5.2,1.4,0.0,6,5.07,28830.0,0.307,0.969,-0.662,444,0.0,False,0.0
08043,Voorhees,Camden County,39.84857,-74.952843,6468,52,0.8,6.6,3.5,0.0,4,4.12,8613.0,0.209,0.872,-0.663,445,0.0,False,0.0
08049,Magnolia,Camden County,39.854575,-75.038137,1123,0,0.0,23.8,0.0,0.0,1,3.65,8504.0,0.184,0.847,-0.663,445,0.0,False,0.0
07727,Farmingdale,Monmouth County,40.205491,-74.157535,1287,4,0.3,6.9,7.1,0.0,1,4.11,12198.0,0.243,0.906,-0.663,445,0.0,False,0.0
08807,Bridgewater,Somerset County,40.592434,-74.61884,8597,361,4.2,7.4,0.4,0.0,1,5.99,5447.0,0.254,0.919,-0.665,448,0.0,False,0.0
08534,Pennington,Mercer County,40.329422,-74.792789,3526,81,2.3,10.2,0.1,0.0,1,3.71,13420.0,0.207,0.876,-0.669,449,0.0,False,0.0
07746,Marlboro,Monmouth County,40.32349,-74.254572,4101,197,4.8,4.2,1.9,0.0,1,6.86,10040.0,0.292,0.967,-0.675,450,0.0,False,0.0
07760,Rumson,Monmouth County,40.371452,-74.003922,2162,9,0.4,0.4,2.9,0.0,0,4.11,3888.0,0.098,0.774,-0.676,451,0.0,False,0.0
07078,Short Hills,Essex County,40.742264,-74.327574,4551,100,2.2,1.0,0.0,0.0,2,3.97,3613.0,0.067,0.745,-0.678,452,0.0,False,0.0
08824,Kendall Park,Middlesex County,40.420727,-74.553458,2973,54,1.8,15.4,1.0,0.0,2,4.86,12584.0,0.262,0.947,-0.685,453,0.0,False,0.0
08510,Clarksburg,Monmouth County,40.187207,-74.425013,928,10,1.1,8.8,2.2,0.0,2,5.12,6077.0,0.214,0.9,-0.686,454,0.0,False,0.0
08831,Monroe Twp,Middlesex County,40.334341,-74.432502,9588,134,1.4,6.2,0.6,0.0,3,3.92,4229.0,0.104,0.798,-0.694,455,0.0,False,0.0
07718,Belford,Monmouth County,40.419871,-74.085174,1589,33,2.1,3.6,0.0,0.0,0,4.2,3888.0,0.09,0.785,-0.695,456,0.0,False,0.0
08809,Clinton,Hunterdon County,40.646036,-74.924609,1480,27,1.8,7.7,2.5,0.0,0,15.06,5311.0,0.245,0.943,-0.698,457,0.0,False,0.0
07936,East Hanover,Morris County,40.818553,-74.363742,1984,0,0.0,0.0,2.7,0.0,1,4.58,3219.0,0.065,0.767,-0.702,458,0.0,False,0.0
07021,Essex Fells,Essex County,40.828102,-74.276226,731,0,0.0,1.1,0.0,0.0,0,3.77,3581.0,0.015,0.719,-0.704,459,0.0,False,0.0
07046,Mountain Lks,Morris County,40.890853,-74.442032,1536,0,0.0,0.1,0.8,0.0,0,5.61,2109.0,0.029,0.736,-0.707,460,0.0,False,0.0
08033,Haddonfield,Camden County,39.892421,-75.036651,5202,146,2.8,1.1,0.8,0.0,0,3.35,8657.0,0.125,0.832,-0.707,460,0.0,False,0.0
08055,Medford,Burlington County,39.862695,-74.822311,6021,60,1.0,2.3,0.8,0.0,2,2.37,8957.0,0.063,0.777,-0.714,462,0.0,False,0.0
07039,Livingston,Essex County,40.785828,-74.3291,8190,25,0.3,1.5,0.4,0.0,1,3.99,3575.0,0.033,0.751,-0.718,463,0.0,False,0.0
07757,Oceanport,Monmouth County,40.315996,-74.017637,1499,0,0.0,5.1,1.5,0.0,1,4.86,3894.0,0.082,0.812,-0.73,464,0.0,False,0.0
07930,Chester,Morris County,40.781309,-74.68359,1984,4,0.2,1.0,1.6,0.0,1,6.05,2586.0,0.059,0.792,-0.733,465,0.0,False,0.0
08048,Lumberton,Burlington County,39.95385,-74.803026,2434,63,2.6,9.5,0.7,0.0,2,5.28,20831.0,0.235,0.975,-0.74,466,0.0,False,0.0
08551,Ringoes,Hunterdon County,40.447111,-74.837285,988,11,1.1,12.7,0.0,0.0,0,10.31,4291.0,0.137,0.881,-0.744,467,0.0,False,0.0
07704,Fair Haven,Monmouth County,40.36194,-74.038775,1938,0,0.0,0.0,2.4,0.0,0,4.57,3888.0,0.055,0.801,-0.746,468,0.0,False,0.0
08844,Hillsborough,Somerset County,40.497692,-74.670505,9398,301,3.2,4.1,2.3,0.0,3,7.52,17511.0,0.251,0.998,-0.747,469,0.0,False,0.0
08559,Stockton,Hunterdon County,40.438986,-74.983625,512,8,1.6,7.0,0.4,0.0,0,8.81,4167.0,0.115,0.863,-0.748,470,0.0,False,0.0
08558,Skillman,Somerset County,40.413411,-74.703745,1643,25,1.5,1.4,0.7,0.0,1,3.78,12187.0,0.074,0.865,-0.791,471,0.0,False,0.0
08022,Columbus,Burlington County,40.06759,-74.705741,1901,17,0.9,3.8,3.6,0.0,1,4.61,20506.0,0.157,0.951,-0.794,472,0.0,False,0.0
07722,Colts Neck,Monmouth County,40.287799,-74.166807,2072,66,3.2,1.2,1.8,0.0,4,7.59,14217.0,0.198,0.996,-0.798,473,0.0,False,0.0
07739,Little Silver,Monmouth County,40.336952,-74.034535,1438,0,0.0,0.9,0.0,0.0,1,5.09,3894.0,0.012,0.816,-0.804,474,0.0,False,0.0
07920,Basking Ridge,Somerset County,40.682268,-74.554143,6990,217,3.1,1.7,0.6,0.0,1,6.39,5810.0,0.131,0.937,-0.806,475,0.0,False,0.0
08036,Hainesport,Burlington County,39.977956,-74.836334,1039,0,0.0,11.3,1.6,0.0,0,5.33,20831.0,0.149,0.98,-0.831,476,0.0,False,0.0
07751,Morganville,Monmouth County,40.35965,-74.261462,5379,124,2.3,4.5,0.1,0.0,0,6.33,9928.0,0.112,0.958,-0.846,477,0.0,False,0.0
08833,Lebanon,Hunterdon County,40.645542,-74.816261,1688,2,0.1,7.1,2.0,0.0,1,15.72,9558.0,0.135,0.986,-0.851,478,0.0,False,0.0
07059,Warren,Somerset County,40.634588,-74.519044,3860,0,0.0,2.6,0.0,0.0,5,5.1,5535.0,0.022,0.888,-0.866,479,0.0,False,0.0
08889,White Hse Sta,Hunterdon County,40.609021,-74.754216,1847,33,1.8,7.3,0.0,0.0,1,15.81,9540.0,0.11,0.983,-0.873,480,0.0,False,0.0
08535,Millstone Twp,Monmouth County,40.231908,-74.432033,929,0,0.0,3.0,1.2,0.0,0,5.73,6324.0,0.043,0.919,-0.876,481,0.0,False,0.0
08867,Pittstown,Hunterdon County,40.574456,-74.966101,1079,0,0.0,1.4,0.0,0.0,0,12.0,4436.0,0.019,0.896,-0.877,482,0.0,False,0.0
08536,Plainsboro,Middlesex County,40.333076,-74.586628,4779,29,0.6,7.4,1.0,0.0,0,5.87,13987.0,0.106,0.989,-0.883,483,0.0,False,0.0
08836,Martinsville,Somerset County,40.596376,-74.55732,1311,0,0.0,0.0,0.6,0.0,0,5.69,5582.0,0.025,0.908,-0.883,483,0.0,False,0.0
07738,Lincroft,Monmouth County,40.335361,-74.132723,1768,0,0.0,0.0,0.0,0.0,1,5.18,7787.0,0.006,0.916,-0.91,485,0.0,False,0.0
08502,Belle Mead,Somerset County,40.448217,-74.653244,3226,45,1.4,1.6,0.0,0.0,2,6.98,17482.0,0.037,0.994,-0.957,486,0.0,False,0.0
08550,Princeton Jct,Mercer County,40.279953,-74.622116,4934,0,0.0,1.1,0.0,0.0,0,5.75,13876.0,0.015,0.973,-0.958,487,0.0,False,0.0
08525,Hopewell,Mercer County,40.397716,-74.77952,829,0,0.0,5.1,0.3,0.0,0,12.63,16355.0,0.039,1.0,-0.961,488,0.0,False,0.0
08853,Branchburg,Somerset County,40.527314,-74.742043,1104,0,0.0,0.0,0.0,0.0,0,15.2,9607.0,0.006,0.983,-0.977,489,0.0,False,0.0
